{
  "accuracy": 0.36764705882352944,
  "loss": 1.3615938425064087,
  "f1_score": 0.315018315018315,
  "precision": 0.33719916779127307,
  "recall": 0.35631127450980393,
  "confusion_matrix": [
    [
      15,
      1,
      1,
      1
    ],
    [
      9,
      1,
      3,
      3
    ],
    [
      6,
      3,
      4,
      4
    ],
    [
      8,
      3,
      1,
      5
    ]
  ],
  "classification_report": {
    "angry": {
      "precision": 0.39473684210526316,
      "recall": 0.8333333333333334,
      "f1-score": 0.5357142857142857,
      "support": 18.0
    },
    "drunk": {
      "precision": 0.125,
      "recall": 0.0625,
      "f1-score": 0.08333333333333333,
      "support": 16.0
    },
    "painful": {
      "precision": 0.4444444444444444,
      "recall": 0.23529411764705882,
      "f1-score": 0.3076923076923077,
      "support": 17.0
    },
    "stressful": {
      "precision": 0.38461538461538464,
      "recall": 0.29411764705882354,
      "f1-score": 0.3333333333333333,
      "support": 17.0
    },
    "accuracy": 0.36764705882352944,
    "macro avg": {
      "precision": 0.33719916779127307,
      "recall": 0.35631127450980393,
      "f1-score": 0.315018315018315,
      "support": 68.0
    },
    "weighted avg": {
      "precision": 0.3411658860575269,
      "recall": 0.36764705882352944,
      "f1-score": 0.32167097608274076,
      "support": 68.0
    }
  },
  "evaluated_at": "2026-03-21T17:59:51.126753"
}