{
  "accuracy": 0.4264705882352941,
  "loss": 1.7610834836959839,
  "f1_score": 0.3665806590334892,
  "precision": 0.35714285714285715,
  "recall": 0.42156862745098045,
  "confusion_matrix": [
    [
      15,
      0,
      3,
      0
    ],
    [
      4,
      8,
      4,
      0
    ],
    [
      9,
      2,
      6,
      0
    ],
    [
      7,
      1,
      9,
      0
    ]
  ],
  "classification_report": {
    "angry": {
      "precision": 0.42857142857142855,
      "recall": 0.8333333333333334,
      "f1-score": 0.5660377358490566,
      "support": 18.0
    },
    "drunk": {
      "precision": 0.7272727272727273,
      "recall": 0.5,
      "f1-score": 0.5925925925925926,
      "support": 16.0
    },
    "painful": {
      "precision": 0.2727272727272727,
      "recall": 0.35294117647058826,
      "f1-score": 0.3076923076923077,
      "support": 17.0
    },
    "stressful": {
      "precision": 0.0,
      "recall": 0.0,
      "f1-score": 0.0,
      "support": 17.0
    },
    "accuracy": 0.4264705882352941,
    "macro avg": {
      "precision": 0.35714285714285715,
      "recall": 0.42156862745098045,
      "f1-score": 0.3665806590334892,
      "support": 68.0
    },
    "weighted avg": {
      "precision": 0.3527501909854851,
      "recall": 0.4264705882352941,
      "f1-score": 0.3661901464343196,
      "support": 68.0
    }
  },
  "evaluated_at": "2026-03-21T15:14:34.719345"
}