Type,Name,Request Count,Failure Count,Median Response Time,Average Response Time,Min Response Time,Max Response Time,Average Content Size,Requests/s,Failures/s,50%,66%,75%,80%,90%,95%,98%,99%,99.9%,99.99%,100%
GET,/classes,22,0,3,28.138793636158383,0.6882919988129288,286.2749170017196,51.0,0.8243290994819801,0.0,3,3,3,4,7,290,290,290,290,290,290
GET,/health,31,0,3,27.863051065651234,0.7597500007250346,357.1624169999268,126.90322580645162,1.1615546401791539,0.0,3,3,4,4,49,310,360,360,360,360,360
GET,/insights/class-distribution,7,0,6,229.17802399751963,2.2309589985525236,867.3508329957258,80.0,0.2622865316533573,0.0,6,36,680,680,870,870,870,870,870,870,870
GET,/metrics,15,0,3,28.10644160102432,1.292291002755519,357.88783300085925,995.0,0.5620425678286228,0.0,3,4,4,4,22,360,360,360,360,360,360
POST,/predict,33,0,46,111.29975500102084,22.94324999820674,866.279708003276,210.0,1.2364936492229701,0.0,46,52,53,54,310,620,870,870,870,870,870
POST,/predict/spectrogram,20,0,110.0,175.14339585031848,80.30025000334717,843.5316250033793,29403.0,0.7493900904381637,0.0,110,110,130,140,520,840,840,840,840,840,840
,Aggregated,128,0,7,83.47195833647447,0.6882919988129288,867.3508329957258,4808.8359375,4.796096578804248,0.0,22,49,86,99,290,400,840,870,870,870,870
